<?xml version="1.0" encoding="UTF-8"?><?xml-stylesheet type='text/xsl' href='_UpgradeReport_Files/UpgradeReport.xslt'?><UpgradeLog>
<Properties><Property Name="Solution" Value="RGTools_New_SQLServer">
</Property><Property Name="Solution File" Value="C:\Users\jzappitelli\Documents\Dakota\Projects\RGTools_New_SQL\RGTools_New_SQLServer.sln">
</Property><Property Name="Date" Value="Monday, September 09, 2013">
</Property><Property Name="Time" Value="11:04:01 AM">
</Property><Property Name="Log Number" Value="5">
</Property></Properties><Event ErrorLevel="1" Project="DbAccess" Source="..\..\..\Visual Studio 2008\Projects\DBAccess\DbAccess.csproj" Description="Your project is targeting .NET Framework 2.0 or 3.0. If your project uses assemblies requiring a newer .NET Framework, your project will fail to build. You can change the .NET Framework version by clicking Properties on the project menu and then selecting a new version in the '.NET Framework' dropdown box. (In Visual Basic, this is located on the Compile tab by clicking the 'Advanced Compiler Options...' button.)">
</Event><Event ErrorLevel="0" Project="DbAccess" Source="..\..\..\Visual Studio 2008\Projects\DBAccess\DbAccess.csproj" Description="Project converted successfully">
</Event><Event ErrorLevel="3" Project="DbAccess" Source="..\..\..\Visual Studio 2008\Projects\DBAccess\DbAccess.csproj" Description="Converted">
</Event><Event ErrorLevel="0" Project="DbAccess" Source="..\..\..\Visual Studio 2008\Projects\DBAccess\DbAccess.csproj" Description="Scan complete: Upgrade not required for project files.">
</Event></UpgradeLog>