<?xml version="1.0" encoding="UTF-8"?><?xml-stylesheet type='text/xsl' href='_UpgradeReport_Files/UpgradeReport.xslt'?><UpgradeLog>
<Properties><Property Name="Solution" Value="RGTools_New_SQLServer">
</Property><Property Name="Solution File" Value="C:\Users\jzappitelli\Documents\Dakota\Projects\RGTools_New_SQL\RGTools_New_SQLServer.sln">
</Property><Property Name="Date" Value="Monday, September 09, 2013">
</Property><Property Name="Time" Value="10:19 AM">
</Property></Properties><Event ErrorLevel="2" Project="RGTools_New_SQL" Source="RGTools_New\RGTools_New_SQL.csproj" Description="Unable to open project file to perform upgrade.  ">
</Event><Event ErrorLevel="2" Project="Babu.Windows" Source="Babu.Windows\Babu.Windows.csproj" Description="Unable to open project file to perform upgrade.  ">
</Event><Event ErrorLevel="2" Project="NaturalNumericSort" Source="..\NaturalNumericSort\NaturalNumericSort\NaturalNumericSort.csproj" Description="Unable to open project file to perform upgrade.  ">
</Event><Event ErrorLevel="2" Project="DbAccess" Source="..\DbAccess\DbAccess.csproj" Description="Unable to open project file to perform upgrade.  ">
</Event><Event ErrorLevel="0" Project="" Source="RGTools_New_SQLServer.sln" Description="Solution converted successfully">
</Event><Event ErrorLevel="3" Project="" Source="RGTools_New_SQLServer.sln" Description="Converted">
</Event></UpgradeLog>