<?xml version="1.0" encoding="UTF-8"?><?xml-stylesheet type='text/xsl' href='_UpgradeReport_Files/UpgradeReport.xslt'?><UpgradeLog>
<Properties><Property Name="Solution" Value="RGTools_New_SQL">
</Property><Property Name="Solution File" Value="C:\Users\jzappitelli\Documents\Dakota\Projects\RGTools_New_SQL\RGTools_New_SQL.sln">
</Property><Property Name="Date" Value="Monday, September 09, 2013">
</Property><Property Name="Time" Value="10:22:59 AM">
</Property><Property Name="Log Number" Value="2">
</Property></Properties><Event ErrorLevel="0" Project="RGTools_New_SQL" Source="RGTools_New_SQL.csproj" Description="Project converted successfully">
</Event><Event ErrorLevel="3" Project="RGTools_New_SQL" Source="RGTools_New_SQL.csproj" Description="Converted">
</Event><Event ErrorLevel="0" Project="RGTools_New_SQL" Source="RGTools_New_SQL.csproj" Description="Scan complete: Upgrade not required for project files.">
</Event></UpgradeLog>